"Actitis_hypoleucos","Actophilornis_africanus","Alcedo_cristata","Alopochen_aegyptiaca","Amaurornis_flavirostra","Anas_acuta","Anas_capensis","Anas_clypeata","Anas_erythrorhyncha","Anas_hottentota","Anas_querquedula","Anas_undulata","Anastomus_lamelligerus","Anhinga_rufa","Ardea_cinerea","Ardea_goliath","Ardea_melanocephala","Ardea_purpurea","Ardeola_ralloides","Arenaria_interpres","Balearica_regulorum","Bostrychia_hagedash","Bubulcus_ibis","Burhinus_vermiculatus","Butorides_striata","Calidris_alba","Calidris_ferruginea","Calidris_minuta","Casmerodius_albus","Ceryle_rudis","Charadrius_dubius","Charadrius_leschenaultii","Charadrius_marginatus","Charadrius_mongolus","Charadrius_pallidus","Charadrius_pecuarius","Charadrius_tricollaris","Chlidonias_hybrida","Chlidonias_leucopterus","Ciconia_ciconia","Ciconia_episcopus","Ciconia_nigra","Circus_aeruginosus","Circus_ranivorus","Dendrocygna_bicolor","Dendrocygna_viduata","Dromas_ardeola","Egretta_ardesiaca","Egretta_garzetta","Ephippiorhynchus_senegalensis","Fulica_cristata","Gallinago_gallinago","Gallinago_nigripennis","Gallinula_angulata","Gallinula_chloropus","Glareola_pratincola","Gorsachius_leuconotus","Halcyon_leucocephala","Haliaeetus_vocifer","Himantopus_himantopus","Larus_cirrocephalus","Larus_fuscus","Larus_hemprichii","Larus_ridibundus","Leptoptilos_crumeniferus","Limicola_falcinellus","Limosa_lapponica","Limosa_limosa","Megaceryle_maxima","Mesophoyx_intermedia","Mycteria_ibis","Netta_erythrophthalma","Numenius_arquata","Numenius_phaeopus","Nycticorax_nycticorax","Oxyura_maccoa","Pandion_haliaetus","Pelecanus_onocrotalus","Pelecanus_rufescens","Phalacrocorax_africanus","Phalacrocorax_carbo","Philomachus_pugnax","Phoeniconaias_minor","Phoenicopterus_roseus","Platalea_alba","Plectropterus_gambensis","Plegadis_falcinellus","Pluvialis_squatarola","Podiceps_cristatus","Podiceps_nigricollis","Porphyrio_porphyrio","Recurvirostra_avosetta","Rostratula_benghalensis","Sarkidiornis_melanotos","Scopus_umbretta","Sterna_bengalensis","Sterna_bergii","Sterna_caspia","Sterna_hirundo","Sterna_nilotica","Sterna_saundersi","Tachybaptus_ruficollis","Thalassornis_leuconotus","Threskiornis_aethiopicus","Tringa_erythropus","Tringa_glareola","Tringa_nebularia","Tringa_ochropus","Tringa_stagnatilis","Vanellus_armatus","Vanellus_coronatus","Vanellus_crassirostris","Vanellus_spinosus","Xenus_cinereus"
23.425213668,18.20512821,0.769230769,99.293803416,4.679487179,59.83333333,1.683760684,73.739316241,305.930555555,63.173076926,59.363247862,135.966880338,0,0,33.582264957,3.044871795,2.183760684,9.871794872,8.333333334,0,1.256410256,4.633547008,11.900641026,0,0,0,33.101851856,336.044159573,5.507478633,13.15491453,20.849358975,0,0,0,12.12962963,18.277777781,3.851851852,17.252136752,89.320512821,0.166666667,0,0,3.178418803,1.025641026,10.06410256,0,0,0.320512821,15.196225071,0.222222222,1911.173077,0,0.897435897,0,12.769230769,0,0,0,10.066239316,229.310541326,524.930199409,0,0,3.457264957,44.64814815,0,0,9.425213675,0.192307692,3.22542735,71.212962962,9.132478633,0,0,8.222222222,1.041666667,0.568376069,1148.525284801,4.922008547,55.070512817,200.89957261,240.641025663,1619.4444445,424.337606852,25.92022792,49.29487179,27.983974359,0,0,0,1.794871795,41.13532763,0,2.756410256,0.222222222,0,0,0,0,15.139245015,0,475.617521415,0,68.17521367,0.294871795,52.262820512,19.952991453,0.669871794,85.856481481,28.312321941,0,6.08974359,0.576923077,0
84.792735042,23.196581196,1.153846154,70.837606839,5.448717949,91.39423077,26.497151,45.729700853,15.040598291,70.983974363,5.901709401,49.790598288,0,0.064102564,21.523860397,4.407051282,0.478632478,6.730769231,4.884615384,0,0.478632478,5.384615384,76.072649567,0,0,0,108.707977209,577.47685185,9.15491453,24.174145296,37.15277778,0,0,0,5.185185185,14.280982905,9.661324786,23.979700857,15.99002849,3.333333333,0,0,1.846153846,0.576923077,0,0,0,1.423076923,44.126068377,0.128205128,695.451923067,0,1.521367521,0,1.08974359,0,0,0,10.554487179,194.175925894,474.620370415,0,0,10.123931624,2.008547008,0,0,25.961538463,0,3.98931624,25.007122506,2.264957265,0,0,1.739316239,2.416666666,2.064102564,2673.124999537,9.58974359,66.058760683,235.628205168,214.182692312,23253.240743333,592.583333403,42.330484333,1.987179487,16.941239316,0,0,0,0.961538462,81.400284901,0,1.282051282,0,0,0,0,0,85.99252137,0,507.44871798,0,55.131766388,0.400641025,42.40384615,10.025997152,0,73.487891739,49.194800564,0.333333333,16.28205128,2.235042735,0
21.997863248,22.696581192,1.025641026,50.980769235,12.474358974,9.465811966,46.565705128,14.136752136,6.220085471,68.853632472,9.341880342,26.618589747,0,0.064102564,11.463675214,2.371794872,0.175213675,5.128205128,6.397435897,0,0.555555556,3.79059829,5.612179487,0,0,0,4.688034188,197.229700877,6.284188034,5.688034188,9.41559829,0,0,0,0,14.937500005,4.423611112,125.473290604,56.380341885,0.055555556,0,0,1.411858975,1.282051282,6.538461538,0,0,0.61965812,11.941239317,0.064102564,462.943376012,0,0.055555556,0,2.136752137,0,0,0,7.765491453,53.016559828,181.70940171,0,0,6.08974359,8.773504274,0,0,2.273504273,0.192307692,2.115384616,14.080128205,16.833333333,0,0,0.111111111,8.333333333,2.320512821,285.4444444,3.619658119,65.08653846,69.557692306,173.676816247,55072.2083289,1397.221688366,5.511752137,0.384615385,37.871794873,0,0,63.18910256,0.47008547,66.034722217,0,0.384615385,0.215277778,0,0,0,0,13.068376073,0,159.946581191,0,10.64957265,0,15.625534189,3.316239316,0,42.65064102,31.503205124,0,7.756410256,8.548611111,0
8.641330891,7.097069597,1.193910257,196.169642893,3.782051282,261.790750888,122.959935897,19.634615385,356.825473113,144.495421239,24.375915753,48.820818071,0,3.076923077,10.426282051,1.362179487,2.623931624,0.705128205,4.47008547,0,1.12026862,6.418192919,20.274496337,0,0,0,19.19070513,527.752441939,10.436965812,2.665598291,16.205662393,0,0,0,0,6.568376068,13.46146215,212.703144043,63.548382173,0,0,0,0.845085469,0.256410256,46.913919418,5.119047619,0,1.717948718,23.463980463,0.064102564,545.01877291,2.692307692,0,0,3.448717949,0,0,0,4.533119659,222.947344316,201.194291815,0,0,0.119047619,34.492368745,0,0,12.612179487,0.128205128,4.989926741,6.08531746,25.480769233,0,0,1.016483516,16.25,1.064102564,33.216880345,17.483974358,29.411935282,53.332570209,301.442918209,106591.392091795,793.97542736,15.870726496,18.894230766,37.452380957,0,0,71.907051282,0.128205128,187.697115429,0,1.428571428,1.175213675,0,0,0,0,49.035256413,0,173.612484751,0.238095238,51.069062885,0.119047619,14.634539072,8.607905983,0,28.704288767,30.916666663,0.166666667,15.320512823,6.545329671,0
61.355998168,10.119658116,3.195970696,214.885454858,2.465811966,127.105158734,205.17129633,26.999999997,57.070207571,152.622100126,330.102564103,29.167124542,0,0,17.848265161,1.602564103,4.246260684,1.282051282,4.653846154,110.8333333,1.479242979,10.741758242,25.849002852,2.916666667,0,192.083333333,824.423076891,848.101216011,7.290242166,13.429487179,449.145426296,164.16666667,36.666666667,261.041666733,36.11111111,26.106481481,23.768086084,28.70652727,127.466956641,0,0,0,1.511752136,0,82.5,12.26190476,183.3333333,0.183760684,40.901811153,0.128205128,412.50457879,0.678418803,0,0,0.769230769,0,0,0,12.356303419,179.761217985,118.178113552,0,170.8333333,15.775641027,6.419998983,4.166666667,0,6.694444444,0,9.190883191,24.345543346,114.67765568,7.291666666,182.2916667,0,2.916666667,2.378205128,47.869836186,9.889245015,24.40705128,167.513888892,405.835241118,58484.7291713,932.463140967,48.675925921,9.583333333,13.408424909,213.749999967,0,190.961538428,0.128205128,111.712962962,0,0,0.270833334,131.875000003,30.000000003,19.375,0,48.438568376,427.29166667,81.69139194,0,28.760582007,1.366300367,19.025564713,70.630519938,5.030906594,148.199124944,51.102920235,0.277777778,7.307692308,13.713980465,10
4.907407408,0.277777778,0.381944445,10.166666666,0.277777778,0,63.724537034,81.111111111,8.534722223,8.645833333,5.555555555,14.444444449,0,0,2.351851852,0,0.277777778,0,0.555555556,0,1.166666667,0.833333334,6.000000001,0,0,0,47.314814811,540.710648086,1.833333334,0.277777778,10.763888889,0,0,0,24.81481481,9.224537037,0.611111111,4.166666667,0.518518519,0,0,0,1.625,0,0,0,0,0.222222222,10.685185186,0,59.222222223,0.111111111,0,0,8,0,0,0,3.513888889,82.442129624,7.462962963,0,0,2.277777778,10.108796296,0,0,0,0,0.277777778,1.592592593,0,0,0,0,0,0,20.583333336,1.5,0,0,146.23148148,29574.14352211,903.824074081,5.648148148,0,11.61111111,0,0,112.6041667,1.388888889,223.562499986,0,0,0.944444444,0,0,0,0,2.907407407,0,6.840277778,0,12.703703704,0,9.930555557,1.400462964,0.666666667,12.550925926,19.571759259,0.666666666,0,0,0
14.140873015,0.357142857,0.714285714,77.770833329,0.357142857,26.952380957,246.57936508,193.746031755,63.936507934,19.055555559,47.730158731,42.888888889,0.222222222,0,7.082010582,0,2.287698412,0,0.423280423,0,17.936507936,3.626984127,20.396825396,0,0,0,28.252314818,666.775793675,2.563492063,0.119047619,25.938161372,0,0,0,43.88888889,21.813492059,8.191798942,4.148148149,186.976190466,0.166666667,0,0,0.515873016,0,61.66666667,26.30952381,0,0,19.373015872,0.238095238,165.64285714,0.595238095,0,0,13,0,0,0,0.625,312.117063455,50.362433867,0,0,1.388888889,13.000000001,0,0,0.944444444,0,0.666666667,10.613756613,35.95238095,0,0,0,0,0,111.12731477,1.552910052,2.380952381,2.301587301,309.087301583,100129.046293,1396.8981485,19.132275132,2.261904762,4.888888888,0,0,384.7916667,0,351.500000044,0,0.238095238,0.293650794,0,0,0,0,8.981481482,0,139.128968211,0,55.793320108,0.535714286,47.608796297,6.468584656,1.349206349,18.597883602,17.839285713,0.801587301,0.357142857,10.882936508,0
24.478835981,0.912698413,1.488095238,113.521825405,0.357142857,2.984126985,36.301587297,17.484126985,4.563492065,39.666666667,84.238095237,19.73015873,0,0,21.281746035,0,6.515873016,0,0,0,5.452380952,6.551587302,28.293650796,0,0,0,88.277777771,232.485449704,1.571428572,5.17063492,52.967592593,0.833333333,5,0.416666667,41.38888889,12.016865077,0.555555556,35.293650789,14.896825399,0.222222222,0,0,0.515873016,0,8.69047619,12.886904762,0,0,8.644179895,0,14.095238095,7,0,0,0,0,0,0,0.111111111,89.992063489,81.214285713,5,2.5,4.063492063,10.77744709,0,0,0.555555556,0,0,2.185185186,1.428571429,0,1.25,0,0.277777778,0,48.162037036,22.571428572,0.357142857,8.449404761,416.944444452,84547.472216,842.78240744,19.576719575,0,4.452380952,0.416666667,0,20.10416667,0.277777778,115.055555511,0,0.119047619,2.978174602,1.666666667,1.25,0,0,27.817129627,0,2.396825397,1.666666667,31.436507935,0.104166667,11.70734127,25.580687827,0.785714285,21.00925926,28.235449735,0.111111111,0,7.607142858,0
57.045634923,8.190476191,2.738095238,459.268849185,2.825396825,13.680555556,335.713293687,142.158730141,120.255952374,38.450396825,12.257936507,190.063492061,0,0.119047619,29.863095234,0.166666667,12.197420635,0.388888889,9.527777778,0,13.658730158,24.025793655,68.368055557,0,0,0,5.055555555,114.750000004,14.261904761,3.009920635,21.203373015,0,0,0,0,38.834325401,6.461309524,20.357142853,40.444444442,1,0,1.904761905,8.261904762,0.5,12.357142856,43.25396826,0,0.111111111,27.448412698,0.23015873,836.87301596,2.460317459,1.222222222,0,25.301587306,0,0.111111111,0,1.472222222,292.71031742,95.222222217,0,0,1.896825397,15.373015876,0,0,10.180555556,0.166666667,23.865079362,60.033730164,65.656746032,0,0,12.83333333,0.277777778,0.111111111,315.819444449,19.333333334,7.198412699,290.914682504,100.118055557,141347.03468886,610.284722186,27.58531746,9.007936508,56.007936509,0,1.055555556,121.94444444,13.444444445,36.236111107,0,1.166666667,2.033730159,0,0,0,0,17.652777773,0,851.872023827,19.087301592,172.914682566,0,25.623015873,26.761904765,2.25,42.825396818,61.883928566,3.634920635,0.388888889,7.909722223,0
75.81112637,8.397435898,2.513202076,121.640567764,4.712454213,3.214285714,61.621794871,310.589133136,54.541285103,79.772435893,82.147893778,65.166056163,0,0.064102564,22.578067765,1.602564103,4.186202686,2.307692308,3.987179488,0,3.204517704,13.95734127,101.475732599,0,0,0,8.868589744,586.823107494,6.69047619,8.596459097,22.606913918,0,0,0,0.166666667,43.618666055,26.103632483,275.881105027,15.65338828,5.333333334,0,1.30952381,1.014423078,0,16.727716733,12.380952381,0,0,17.665445666,0.128205128,935.032051199,2.094017094,0.128205128,0,15.495726496,0,0,0,7.650106838,269.442765588,212.540903542,0,0,0.388888889,32.010225889,0,0,13.97435897,0.576923077,6.413461538,28.134920631,346.748473767,0,0,0.119047619,2.111111111,0.320512821,293.24145304,30.773199025,29.782661783,880.986721645,217.285943225,107177.538462608,1529.734508593,25.626831504,0,27.085470084,0,0.111111111,290.225961572,2.042735043,32.188034186,0,0,1.510531135,0,0,0,0,21.583333331,0,442.15369349,1.666666667,99.484203297,0,12.946810134,15.212301587,1.876984126,164.447573217,40.708791216,0.461538461,10.06410256,18.711080586,0
23.944444444,16.361111108,2.5,47.444444445,0.833333333,0,6.277777778,0,0.111111111,63.319444444,0.111111111,0.111111111,47.08333333,0,13.722222222,0,6.472222223,0,5.5,4.583333333,0.833333333,3.916666667,30.583333337,0.833333333,0,38.333333337,3507.722221892,1979.916666667,3.458333333,18.333333334,475.000000037,384.166666633,114.7916667,618.750000034,0,3.541666667,1.513888889,0,62.5,0,0.833333333,0,0.430555555,0,2.916666667,23.75,540,5.416666667,4.166666667,0,2.847222223,0.722222222,0,0,0.111111111,0,0,0,2.444444445,90.180555553,301.763888844,58.75,169.1666667,0.111111111,0,47.08333333,2.5,0.222222222,0,0,21.250000003,2,24.375000003,35.208333337,7.777777778,0,1.208333333,1684.055555667,24.791666667,15.000000003,307.56944445,50.041666667,25,389.7222222,53.763888883,0,39.055555553,53.75,0,1.333333333,0,1.25,0,0,1.930555556,186.6666667,62.5,19.166666667,0,43.750000007,127.0833333,67.041666667,0,27.194444447,0,43,22.791666663,1.583333334,47.777777775,23.027777773,0.111111111,0,13.125,142.5
4.666666667,0.111111111,0,9.666666667,0,0,6.222222222,0,0.111111111,0,0.111111111,0.611111111,0,0,2.888888889,0,0.222222222,0,3,0,0.833333333,0,30.16666667,0,0,0,7.722222222,5.333333333,2,0.055555556,0,0,0,0,0,5.888888889,0,20.88888889,2.055555556,0,0,0,0.222222222,0,0,0,0,0,1.222222222,0,0,0.722222222,0,0,0.111111111,0,0,0,0.777777778,34.11111111,298.9444444,0,0,0.111111111,1.277777778,0,0,0.222222222,0,0,2,0,0,0,0.277777778,0,0,1674.888889,0.333333333,5.055555556,10.27777778,0.111111111,3091.666667,387.2222222,19.38888889,0,38.22222222,0,0,1.333333333,0,0,0,0,0,0,0,0,0,0.5,0,5.5,0,0.444444444,0,0,3.166666667,0.277777778,0.111111111,20.94444444,0.111111111,0,0,0
31.544566544,1.666666667,3.415750916,54.055555548,0.833333333,0,8.034188034,0.833333333,15.857142854,3.492063492,10.71428571,12.515873015,0,0,2.531746031,0,13.154761908,0,4.230769231,0.833333333,1.65079365,7.961538461,69.016483519,0,0,25,61.388888886,1225.146520145,5.857142856,6.268009768,115.222222221,641.6666667,0,316.6666667,0,15.111111109,2.259462759,12.025641021,34.05555556,0,0,0,0.706349206,0,7.023809524,17.142857138,310,0,13.476190478,0,6.987789988,0,0,0,0,0,0,0,0.985042736,76.36263736,46.358974357,0,0,0.5,26.163003662,0,0,0,0.256410256,0.912698413,77.420634919,14.64285714,0,112.5,7.5,0,0,135.794871772,1.852258853,17.382173385,42.716117217,253.985958485,1241.1666667,2105.2777777,2.325396825,0,1.904761905,154.1666667,0,0,0,14.833333336,0,0.119047619,2.063492064,3.333333333,0,0,0,52.055555559,0,155.214743587,0,16.474969475,0,14.682539682,127.944444478,0.952380952,23.597069597,14.36935287,0.333333333,0.238095238,1.461538462,125
0,0,0,1.888888889,0,0,0,0,0,0,0,0,0,0,0.666666667,0,0,0,0,0,0.111111111,0,0,0,0,0,0,0,0,0,0,0,0,0,0,0,0,0,0,0,0,0,0,0,0,0,0,0,0,0,0,0.055555556,0,0,0,0,0,0,0,0,1.777777778,0,0,0,0,0,0,0,0,0,0,0,0,0,0,0,0,29.66666667,0,0,0,0,0,0.166666667,0,0,0.166666667,0,0,0,0,0,0,0,0,0,0,0,0,0,0,0,0,0,0,0,0,0,0,0,0,0,0,0
16.398809523,0.833333333,0,5.833333333,1.904761905,2.380952381,0,0,2.5,0,60.71428571,2.492063492,5.833333333,0,3.06547619,0,12.083333333,0,0.714285714,4.166666667,0,4.047619048,13.45238095,0,0,69.166666663,302.083333363,207.763888852,0.654761905,5,190.565476157,64.58333333,8.75,75.208333334,0.444444444,2.472222222,0.055555556,31.182539684,76.9047619,0,0,0,0.476190476,0,0,4.404761905,0,0.416666667,1.166666667,0,39.04761905,0,0,0,4.761904762,0.833333333,0,0.119047619,0.055555556,33.065476194,0,14.583333333,260.83333337,0,19.928571427,0.416666667,0,0,0,0.119047619,273.448412722,2.142857143,3.125,3.958333333,3.69047619,0,0.208333333,16.666666667,30.341269838,7.767857143,23.125,85.158730158,2317.611111,171.4583333,11.517857143,0,0.119047619,48.75,0,0,0,1.25,0,0,0.166666667,140.000000003,26.66666667,22.083333334,2208.333333,50.000000003,408.54166663,0.055555556,0.595238095,22.640873015,0,11.488095238,21.666666663,0,21.279761901,3.214285714,0,0,60.595238103,33.749999997
47.82471001,14.276556775,2.267094018,209.770909635,4.230769231,3.974053725,166.152777777,189.608821745,81.568605003,65.445665443,116.397435895,16.098901098,0,0.192307692,31.955891334,2.323717948,3.418192917,2.756410256,16.165445671,14.583333337,92.615995113,21.436813187,28.156898655,0,0,29.583333337,2013.065170908,4282.748016252,14.818019943,15.41178266,263.972985377,185.833333337,12.916666667,401.874999933,0.5,42.914987796,40.208104395,33.708028089,272.835317419,0.119047619,0.208333333,0,2.253510378,0,3.177655678,14.880952381,324.1666667,0.388888889,13.914377289,0.119047619,364.390720401,1.136752137,0.055555556,0.576923077,1.025641026,0,0,0,15.999465812,243.354319248,83.814255195,37.91666667,329.1666667,14.017094018,26.341880347,1.666666667,1.25,4.893162393,3.358974359,13.57791514,24.21771978,9.917582418,50.208333333,168.958333337,0,4.166666667,0.208333333,638.443376055,9.39041514,104.365231993,1167.766025644,147.276633083,40039.442311726,1540.41613241,46.037774728,4.122100122,29.793040292,102.500000003,0,146.314102597,0,326.527243609,0,1.84981685,11.149114774,210.00000003,30.41666667,42.29166666,4.583333333,35.409188034,749.16666667,377.66109585,0,131.079517705,0.333333333,93.036630039,92.100274723,5.783806472,40.293650794,46.759615384,0.512820513,1.832112332,117.142170329,178.750000033
58.563721005,7.051282052,6.314407814,51.694139198,1.534188034,0,184.080687798,256.5,25.143874639,16.314102567,2.562271062,13.35989011,0,0,11.609508547,0.311965812,41.223137972,4.837606837,10.2002442,14.583333334,6.46031746,20.76694139,21.670329671,2.5,0,30.000000003,1772.662037037,2251.21461639,0.119047619,11.131257632,148.55886243,708.958333334,10.83333333,956.458333337,22.444444442,12.94212963,6.77744709,68.571937324,17.96082621,0,2.5,0,2.835927961,0.423076923,9.661172161,42.994505491,308.3333333,0,19.175213675,0.238095238,61.693070825,6.770833334,0.777777778,0,1.217948718,0,0,0,5.653769843,45.085648148,63.344729347,80,187.50000003,3.333333333,13.623677249,0.833333333,0.416666667,0,0.448717949,0.792735044,6.265491453,5.787545788,40.416666663,149.583333367,0.128205128,3.333333333,0.208333333,58.950142457,15.85042735,40.290598294,171.556318683,88.600020351,18444.560184778,722.680555619,15.837810335,0,0.183150183,343.9583333,0,7.291666667,0.175213675,128.715277796,0,0,3.85218254,48.75,17.5,5.833333333,0,73.937321929,80.000000007,10.790827228,5.277777778,34.60765161,0.111111111,19.431573056,151.44009459,6.947420636,82.991096877,44.18905169,0.166666667,2.777777778,65.378357753,748.541666667
57.743589744,28.46153846,8.15995116,139.823870577,3.741147742,3.036324787,140.24305555,69.624999995,63.198794262,115.810897403,2.932692308,20.804487183,8.333333333,0.128205128,29.816926129,1.594017094,17.240537237,4.974358975,30.092948717,3.333333334,1.429792429,33.137286329,41.65918804,0,0,190.416666703,2228.720085473,1745.418879724,27.647893774,26.134004883,473.677350354,82.5,45.208333333,72.708333333,0.611111111,41.668803419,1.722298535,71.40331197,125.893162392,0.055555556,0,0,1.854700854,0.183760684,3.525641025,14.940476187,523.3333333,0,40.522435896,0.055555556,278.995726495,6.087301588,0,0.384615385,3.074633699,0,0,0,7.863247862,410.240918778,255.298076939,45.416666667,58.749999993,4.188034188,12.888888889,0,1.666666666,5.801282051,2.564102564,17.540598287,25.525335778,0.333333333,43.750000003,161.0416667,16.904761908,2.402777778,0.272435897,2153.62393139,39.309829058,403.279304022,584.628739376,217.16826923,17507.9513889,945.791666663,34.835851651,7.399572649,13.574786325,32.916666667,0,129.22222223,0.641025641,15.208333334,0.555555556,0.055555556,1.156288156,139.166666697,39.58333333,15.208333333,158.75,205.911858972,178.124999993,1466.433226496,0,152.80960012,4.246794872,16.997786935,139.147130683,1.644078144,65.031898654,40.81784188,2.55982906,7.115384615,59.166666664,147.499999993
162.149776144,77.414835164,4.717338217,227.284416968,3.888888889,3.742979242,154.028871589,393.791819327,140.457061459,69.647893773,12.548229548,59.586080582,22.77777778,0,41.51040395,2.980769231,13.468101342,5.35042735,27.765669513,11.25,2.893772894,46.400641023,219.55367321,0,0,11.666666667,420.287672905,658.545533136,18.382936508,26.665598288,140.487154043,86.66666667,42.500000003,2.5,316.1111111,23.846815217,13.044286731,124.522537641,78.039835158,6.444444444,3.958333333,0,8.949175824,0,5.119047619,153.74999999,100.8333333,5.416666667,57.193477814,0.611111111,520.541056069,5.026709402,0,0,3.568376068,0.416666667,0.055555556,0.416666667,15.477564103,457.006511925,341.010683756,0.416666667,464.99999997,3.222222222,69.063670128,0,0.833333333,8.393162393,1.153846154,36.150488395,157.562271063,40.098443223,7.916666666,21.041666663,0.349206349,36.944444448,0.472222223,4189.463319089,520.13853273,110.973748473,1689.482905987,386.294566533,44217.773332792,800.707265017,65.079975582,1.55448718,32.948717949,99.791666667,0,23.229166667,1.837606838,483.171652415,0,0.384615385,5.378357753,61.874999997,78.33333334,34.166666663,0,251.624999952,2.083333333,707.455738777,0.555555556,217.422568175,1.567078754,127.866351247,64.152803217,18.462784901,55.626780624,89.42363655,0,6.354700855,95.728250909,73.958333336
96.042709606,6.529304029,1.35989011,253.908424932,0.413308914,5.821886446,13.514423077,150.655982899,50.843711849,138.4793956,259.508241758,57.955128203,0.416666667,0,30.216829467,0.367521367,4.720467034,0.384615385,1.996133497,12.083333333,0,41.18337912,144.227920225,0.416666667,0,91.666666663,3000.660714283,2371.959605169,14.99475987,11.157509158,283.469551282,1005.00000003,9.166666667,557.91666667,11.01851852,55.202533579,4.988298739,82.09923179,7.797619048,0,1.875,0,5.513507326,0,10.476190476,64.606227103,445,0,19.817663823,0,204.739468868,7.518162392,0,0,3.388888889,0,0,0.119047619,9.212835775,217.125661384,77.915954415,8.75,210.83333337,4.542124542,41.435744806,20.41666667,0,33.301282047,0.192307692,2.627772691,163.618945863,62.907051282,18.333333333,149.375,0,0,0.208333333,327.888888892,133.985449701,31.21626984,1040.773962148,500.506740893,123303.033976634,776.754273472,79.459503465,0.555555555,30.021520146,235.624999967,0,0.625,0.055555556,141.448896007,0,0.512820513,2.251068376,40.416666669,58.749999997,36.875000004,0,107.339743588,15.625,85.428418808,0,215.184600115,1.243589743,59.980743794,96.663207161,18.668370981,16.866859992,79.308429992,4.717948718,1.145299146,43.015873017,348.750000033
65.260912706,6.786324787,5.02014652,119.006105006,5.153846154,9.102564103,141.998931623,289.963675263,79.338675215,140.461538468,6.426282051,72.435897444,6.817460318,0.503663004,31.974257228,0.525641025,4.5867674,3.534188034,24.007326009,22.91666667,8.647130647,25.142551887,57.485958481,1.25,0,108.3333333,2264.761752538,3419.440297798,28.720085466,15.702380953,392.913817693,678.124999963,27.70833334,916.45833333,67.425925921,24.88372507,10.442460318,120.912393172,59.169871794,25.317460321,0.416666667,0,2.094017094,0.675213675,113.465811966,61.666056166,361.6666667,0,40.312678066,0.388888889,539.26068376,4.717948719,1.068376069,0.961538462,11.25946276,9.583333333,0.055555556,1.314102564,8.762820513,249.036324788,296.401709437,5.833333334,27.91666667,2.482905983,29.604446484,7.5,2.5,5.19871795,0.576923077,24.599816851,131.332773715,73.748931624,34.583333333,184.375000003,6.685185185,2.888888889,0.416666667,1064.81125356,26.468660968,86.909188035,494.961538423,344.59544158,60646.151356428,1629.772435807,50.164479041,0.666666667,38.072649572,432.708333297,0,71.83333333,6.354700855,222.443019942,0.5,0.747863247,2.744505495,114.374999997,4.583333333,51.66666667,5,197.698361786,67.29166667,187.489850457,0.555555556,72.399267401,1.138888889,36.955967643,221.293981447,3.505952381,48.273173587,76.043549046,0.722222222,6.733211233,40.683531743,461.0416667
69.96209809,14.500610501,5.091956655,214.593075867,5.909645909,3.944444445,136.476139599,41.311965814,211.467796062,117.804487181,14.802655678,85.53174603,1.166666667,0,38.059625559,0.542735043,7.737408425,9.111111111,30.344017095,40.416666667,69.2014652,57.584325393,76.330738702,0.416666667,0.104166667,11.666666666,766.430555597,2086.431674801,11.361111111,21.385073258,238.381791818,322.50000003,10.833333333,428.958333333,105.851851844,41.240308298,31.89789377,146.903286524,53.050824177,0.777777778,0,0,3.565018316,0.97008547,28.592185586,59.055555553,1050,0.333333334,36.270909646,1.119047619,485.76449933,4.14102564,1.444444445,0.576923077,5.099206349,0,0.333333333,0.104166667,8.782051283,84.249923687,250.37159139,8.333333333,30,3.145299145,40.153642663,0,0.833333333,8.196581197,1.081196582,44.140949323,29.893976392,30.664682543,40.624999997,182.2916667,9.63003663,0.208333333,0.272435897,397.166132487,13.023504275,45.856990236,238.945512786,498.960063014,3829.606125871,291.576388823,29.295278795,3.508547009,25.856837604,467.91666667,0.166666667,1.743055556,14.679487176,92.277777776,0,3.166666666,3.884310133,51.666666663,81.25,34.791666667,0,55.170584045,3.958333333,233.794642886,2.222222222,96.714489216,0.6875,110.364367115,179.446403167,11.64166158,31.873321126,121.506028702,2.119658119,3.48962149,46.66666667,321.249999933
102.475859786,18.783882779,4.330433455,285.943147129,4.590354092,81.032814409,191.237001437,118.470238098,203.26442307,157.957722841,33.355158733,152.564865693,0.571428572,0.11965812,47.861594424,1.747863248,10.305784494,12.717948717,47.725427349,4.583333333,24.626373626,52.554639806,68.021978013,0,0,106.249999997,2627.982905586,1690.15552508,30.640415143,21.68910256,293.107931387,845.83333333,1.25,1065.625000003,98.944444446,16.986568985,10.32534595,237.882249671,16.937118437,0.706349206,0,0,4.769993895,1.444444444,29.873015878,84.459325401,870,0,62.381461132,0.23015873,465.016788784,7.155982907,2.777777777,0,17.485042736,0,0,0.3125,8.990384615,331.667531542,195.476597462,5,28.33333333,0.357142857,51.29250611,0,0.833333333,2.194444444,0.833333333,131.228123727,54.401251521,27.759920635,37.5,97.29166667,10.630647131,0.972222223,0.208333333,120.943019937,39.599104602,193.644841304,481.406669685,669.598570407,11312.74074077,905.935185177,63.97013634,1.388888889,126.881105013,345.4166667,0,23.597756407,38.405982909,282.495370372,0.222222222,6.474358974,4.493513431,57.916666667,7.5,20.416666664,0,102.733618228,46.04166667,604.801510989,5.888888889,200.879069996,1.903769841,133.714718164,237.401454993,9.26345645,48.349282666,99.556420434,2.634920634,13.570818071,35.550747863,1078.750000037
40.644281643,38.189560443,5.874694749,191.041742972,2.593406594,2.777777778,64.511574073,0.944444445,17.451388888,20.659188035,2.166666667,57.241452988,2.757936508,9.25091575,36.938314003,2.379273504,14.56578144,22.888888889,64.859330487,14.58333333,17.694749695,33.13904151,50.560897441,0,0.416666667,10.833333333,254.985754989,1495.710826195,26.155372401,31.676739926,146.60284392,805.8333334,11.666666667,443.95833337,124.722222233,12.223214286,6.271443834,79.632834762,88.365028494,2.666666667,0.833333334,0,4.981074481,0.286324786,31.805555556,40.846230162,427.5,0.349002849,47.444469882,0.239316239,66.436965812,3.314102562,2.747863248,0,5.344932845,0,0,1.350808913,15.964590967,85.02564102,138.222934478,26.250000003,27.500000003,0,41.350732597,0,5.833333333,3.361111112,2.628205128,122.882580402,141.189814803,0.888888888,34.375,106.249999997,20.367521371,0,0.208333333,399.325142467,49.605769226,116.001602571,633.67200858,193.322293446,3833.891381662,197.703703705,55.878154254,2.264957265,94.512820515,146.25,0.055555556,8.618055556,0.726495727,52.25925926,0,0.333333333,1.102487791,19.166666667,39.166666663,132.291666663,0,38.6502849,16.041666667,143.237103174,0,68.432565124,0.517094017,27.159823972,144.404736467,6.347298535,18.091625966,52.470441596,0,9.358974359,21.32753358,20
53.288690479,15.744200243,2.028083028,266.391178271,5.066544566,6.96031746,59.868055559,34.946886456,121.261090759,39.843101344,15.559523809,45.192918187,0.111111111,4.277167277,25.260149575,0.183760684,8.934447497,8.581196581,21.879934876,0,11.536019537,36.25831807,43.115130236,0,0.104166667,0,3.981481482,481.698310978,23.770960521,12.893162393,19.699303011,0,0,0,192.4074074,16.38425926,13.350529101,119.138863451,51.315628821,1.666666667,0,0,2.861340049,0.55982906,15.158730163,49.93406593,0,0.847578348,34.732041111,0.175213675,130.184065924,2.382783882,0.286324786,0,5.172924298,0,0.333333333,0,5.971611722,399.226546633,104.296398038,0,0,0,68.404965399,0,0,1.034188034,0.384615385,23.90178571,24.693350631,2.626984127,0,0,25.256817253,0,0.192307692,36.414886046,2.50605413,72.366071424,184.17467949,311.831832486,1545.33564819,547.799501458,22.049399673,1.480463981,45.382173381,0,0.055555556,25.83333333,0.764957266,29.277777774,0.055555556,0.333333333,3.054258243,0,0,0,0,3.917022793,0,537.301892555,0.587301587,107.052096045,2.111111111,85.008954002,29.906593402,5.836156899,21.967567155,81.497507125,0.405982906,7.791208791,38.800824178,0
41.359126988,13.69047619,3.293650793,61.349206354,4.563492064,2.5,0,0.396825397,32.341269843,1.626984127,24.28571429,18.809523811,1.607142857,0.357142857,12.053571428,0,11.30952381,0,12.123015874,3.75,83.611111107,23.253968255,25.654761905,0,0,22.5,1785.8333333,194.166666671,7.628968254,6.696428572,474.732142861,570.4166667,15,677.08333333,0,4.761904762,3.809523809,3.174603174,23.749999999,0.119047619,2.708333333,0.119047619,1.111111111,0,27.619047616,56.904761902,546.6666667,0,4.107142857,0.238095238,40.753968253,0.357142857,0,0,4.92063492,0,0,0.416666667,2.083333334,98.124999997,0.238095238,3.333333333,18.33333333,0,72.499999996,0,1.666666667,0,0,2.380952381,9.404761905,0.238095238,11.666666663,63.95833333,16.309523809,2.5,0,21.04166667,4.375,17.896825396,0.119047619,21.547619046,148.3333333,79.16666667,0.773809524,0,4.285714285,147.29166663,0,0,0,0,0,0,2.658730159,152.708333333,96.66666667,43.54166667,24.16666667,118.749999997,25.41666667,76.58730159,2.5,132.232142846,0,74.404761909,93.035714289,5.357142858,14.166666667,21.111111111,1.785714286,3.214285714,72.797619051,148.749999963
212.315094621,46.940781444,7.19345238,934.462683119,6.880341881,2.873015873,142.176587293,127.412698421,111.085317462,89.377594629,33.119047623,26.937271068,16.166666663,20.217948718,53.075091573,1.52991453,9.255799756,11.987179483,52.895146526,0,10.554334555,54.824557391,55.030982909,1.25,0,1.666666667,900.199074137,2307.228734137,61.840506716,29.612179487,411.547847986,142.708333333,4.791666666,159.166666663,96.2037037,77.889524825,33.847807286,101.925315421,245.616809113,7.317460317,0.208333333,0,8.162316849,0,25.575396824,82.820512814,438.3333333,25.345441592,106.799806675,0.367521367,582.198412687,2.918803419,0,0,15.169871794,27.5,0.222222222,0.11965812,44.798534796,744.454288813,151.550417181,3.333333333,107.08333333,3.802197802,92.820716319,0,0.833333333,0.791666667,0.913461538,45.98575499,91.028490026,42.833333336,4.166666667,27.29166667,5.113756612,2.444444445,0.192307692,128.652421651,50.757224261,130.115460925,751.629273547,574.101419387,7239.72916697,526.108796329,46.108770854,2.205128205,133.416819291,57.5,0,25.055555556,3.183760684,40.148148148,0,0,6.243971307,31.249999997,38.33333333,38.95833333,0.416666667,72.652777785,13.33333333,776.099816884,0.833333333,190.922313806,0.263888889,192.57374339,231.501780626,8.113654863,62.122557999,127.006283072,0.247863248,27.020146524,111.817002444,1.666666667
146.938644684,15.66605617,4.073565323,326.382453189,5.178876679,29.849206353,65.153133901,17.405982905,58.036630041,26.444597072,13.968253968,67.233516483,0,27.136141634,39.695360196,1.324786325,6.871489622,5.051282051,40.31272894,2.083333333,226.006715493,96.696733812,97.900488398,0,0.833333333,13.750000003,982.709986706,1804.352004483,20.003510378,33.512667885,355.125101719,1066.24999967,8.333333333,975.416666663,87.12962963,45.544312167,34.012973133,16.653184777,45.604497356,0.341269842,0,0.476190476,7.696581196,0.358974359,0.277777778,108.203601958,676.6666667,1.260683761,49.502289378,0.755799755,370.211233259,1.57997558,0.444444444,0,9.435286934,2.5,1.388888889,1.580967643,22.447496947,294.242724858,176.136395974,27.916666667,53.33333333,2.42948718,37.61167073,0,0,4.52991453,3.028846154,26.644230769,43.154761905,1.452380952,28.33333333,119.166666633,17.673992674,0.277777778,0.400641025,143.416666659,112.510989017,41.027930402,424.15216727,325.571733834,16805.330484303,1087.837250674,108.762718767,23.56410256,137.707112334,55.833333337,0,25.305555552,0.722222222,262.332621047,0.277777778,118.1984127,9.038385226,98.958333337,40.416666667,73.749999993,0.416666667,104.378383187,65.416666667,460.461233218,0,138.433455425,1.190476191,185.995065123,269.834528863,13.768238704,74.467160157,167.105133292,3.264346765,41.611721612,82.352793037,407.916666663
94.85312373,20.445665441,3.578144078,411.348163377,10.965201464,15.674603176,85.620370364,154.611111144,33.478556165,11.230921855,16.651404152,24.641941392,28.869047619,40.600732597,138.167328036,1.91025641,12.82493895,3.299145299,21.498473745,9.583333333,203.079975557,126.971916979,36.660866915,6.666666667,0,41.66666666,786.358084112,939.001907742,38.491147742,48.372557997,181.500585065,545.208333297,3.125,173.125000007,119.3518519,20.001322752,16.75615588,64.443528698,556.508953989,0.055555556,1.875,0,3.420177045,0.166666667,690.440476157,275.063492062,1235,0.092592593,52.224486161,0.708791208,673.709249107,1.012210012,0,0,10.547008547,0,4.722222222,0.69047619,27.561202688,486.011752074,340.505341917,18.33333333,167.08333337,0.247252747,26.094373219,0,0.833333333,0.931623933,3.933760684,53.939865691,50.586996334,14,18.749999997,383.12499997,18.228327227,0,2.558760683,258.523860392,21.998778998,135.069444442,534.302808271,394.216473378,3643.469907756,539.395833363,122.835953398,13.059829061,112.864163622,468.541666637,0.111111111,70.52083333,1.350427351,117.842592588,0.166666667,2.311965812,10.763888888,14.583333333,101.250000003,85.41666667,0,125.988782052,8.125,675.584554313,5,153.073896013,0.277777778,199.687499996,368.038588725,4.766330891,41.755418198,173.96713472,1.448717949,18.001831502,154.449099522,13.33333333
46.365791616,14.669108673,2.164377289,222.056496738,4.213675214,19.97008547,104.504629634,17.333333332,25.995319491,13.575702076,9.571428571,82.946581194,0.055555556,13.41514041,55.881206756,1.17948718,11.993818681,15.474358974,16.066697191,0,26.87423688,111.122710632,101.585266583,0,0.104166667,0,8.444444444,291.182259865,22.599308097,34.131715508,11.75966626,0,0,0,37.03703704,6.951846763,11.629578753,50.076566953,63.229344723,4.333333333,0,0.357142857,5.208791208,0.508547008,1.706349206,26.231990235,0,0.128205128,30.704339642,0.35042735,236.66788771,7.414529915,0,0,5.358363859,0,0,0.636523199,24.890567768,88.740333738,221.603632472,0,0,0.175213675,16.427731992,0,0,0.961538461,3.732905983,35.120726498,48.725071233,0.555555556,0,0,1.567765568,0,0.833333333,872.327991478,18.831908828,61.789072039,335.650030525,111.131410255,18866.427525479,488.437678062,26.383292631,3.191086691,22.065399875,0,0,0.4375,15.11538462,43.862713666,0,7.645299145,9.22863248,0,0,0,0,25.454059833,0,33.838369964,4.126984127,98.622278187,1.008547008,60.763583641,9.370726495,1.786044973,13.665343914,106.666819291,0.384615385,31.800976804,46.236950555,0
28.97420635,34.960317461,1.817460317,125.698412691,2.896825397,2.23015873,10.388888889,10.666666667,36.53869048,15.253968255,10.444444445,24.261904759,87.777777781,9.111111111,35.922619044,0.333333334,1.809523809,0.277777779,3.503968254,0.416666667,9.611111112,32.874007935,53.240079371,7.5,0.104166667,7.083333333,1006.13988095,1624.462301538,19.722222222,14.069444445,472.271825363,1262.291666334,100.208333336,779.791666697,0,5.25,10.969246032,102.738095283,99.111111112,20.111111115,2.083333333,0,1.801587302,0.166666667,1.579365079,189.230158694,907.5,0,28.073412697,0,41.88888889,0.333333334,0,0,8.738095238,0,0,2.529761904,2.076388889,157.631944428,183.88888891,0,59.58333333,0.916666667,14.634920635,0,0.833333333,0.444444444,0.277777778,10.415674603,51.131944441,0,17.708333333,143.958333333,10.174603174,0,0.708333333,42.5,22.250000001,96.887896822,265.733134919,85.317460319,27783.2638892,151.652777778,19.483134925,2.5,27.296626984,59.791666666,0,1.986111111,0.055555556,5.305555556,0,0.055555556,0.698412699,83.124999997,74.166666663,61.66666667,0,79.666666671,19.166666663,341.616071491,0,66.207341279,1.055555556,80.436507937,963.996031776,5.439484127,19.213293652,71.753968243,0,14.936507938,50.447420631,375.62500003
27.025793651,23.595238091,0.944444444,86.512896818,2.928571428,0.111111111,2.976190476,0,56.998015867,13.246031747,8.626984128,105.253968243,47.97619048,2.023809524,10.513888888,0.166666667,1.253968254,0.333333333,1.507936508,4.583333333,16.238095238,50.268849209,155.391865071,0,0,0,191.875,163.221230155,6.515873016,4.218253968,160.525793678,641.0416667,6.25,291.458333337,0,12.265873016,12.912698413,0.818452381,33.27380952,0,0,0,1.658730159,0.388888889,18.452380952,55.615079361,721.6666667,0,3.226190476,0.174603175,44.984126984,2.166666667,0.444444444,0,11.444444445,0.416666667,0,1.994047619,2.141865079,220.50099206,0.333333333,0,34.58333333,0.119047619,7.499999999,0,0,0.055555556,0,7.557539681,19.232142856,0,10.625,88.75,4.642857143,0,0.208333333,35.055555559,4.549603175,10.270833334,11.212301587,24.882936508,9419.375000333,827.3958333,7.373015873,3.841269841,39.507936511,110.41666667,0,0,0.722222222,5.729166667,0,0,1.969246032,16.666666667,30,15.625,0,41.875,4.166666667,292.962301585,0,184.531746042,0,117.734126985,155.490079397,1.666666666,7.532738094,105.685515877,0.825396825,13.817460318,32.927579367,17.916666663
135.602564102,63.930402927,0.926739927,404.626220969,15.267399267,1.499999999,52.614316243,1.222222221,58.942918198,61.561202686,3.423687425,46.866300361,3.285714286,3.651404151,33.085622704,3.285256411,4.698489012,3.051282051,23.396672772,4.166666667,29.502441998,110.567841883,78.079975573,3.75,0,1.25,701.916666667,2363.348977453,20.457722831,28.465201462,395.213980465,140.000000036,13.75,263.333333333,0,16.321047008,103.808073869,27.723672156,145.075702074,0.111111111,0,0.595238095,15.373550062,0.5,0,168.781746067,360,4.230769231,54.254426125,0.111111111,308.409188024,2.045940171,1.747863248,0.064102564,21.06669719,7.083333333,0,1.107142857,42.673076924,419.760149584,39.392551893,18.333333337,176.6666667,2.756410256,31.488400491,81.25,0.833333333,1.538461538,2.226495726,14.975122096,39.623244814,0.952380952,5.208333333,53.95833333,4.554334554,0,1.978632478,144.016559835,55.172771667,33.271672773,286.793803378,156.085088522,16695.196042864,991.20138884,90.942841887,28.013888885,64.883547019,300,0,14.918269234,0.166666667,20.833333333,0,4.551282051,9.270604395,232.08333337,116.66666667,43.124999996,0,125.585470083,7.5,242.27297009,0,159.355616601,0.055555556,212.205738694,257.816468254,4.418803418,16.96390415,164.19558914,2.357142857,23.847985353,73.169566547,96.875
